<?xml version="1.0" encoding="UTF-8"?>

<DocumentReference xmlns="http://hl7.org/fhir">
  <id value="docref-dea-BA7654321"/>
  <text>
    <status value="generated"/><div xmlns="http://www.w3.org/1999/xhtml"><p class="res-header-id"><b>Generated Narrative: DocumentReference docref-dea-BA7654321</b></p><a name="docref-dea-BA7654321"> </a><a name="hcdocref-dea-BA7654321"> </a><p><b>status</b>: Current</p><p><b>type</b>: <span title="Codes:">DEA registration verification result</span></p><blockquote><p><b>content</b></p><h3>Attachments</h3><table class="grid"><tr><td style="display: none">-</td><td><b>ContentType</b></td><td><b>Url</b></td></tr><tr><td style="display: none">*</td><td>application/json</td><td><a href="https://dea.example.gov/diversion/api/verify?id=BA7654321">https://dea.example.gov/diversion/api/verify?id=BA7654321</a></td></tr></table></blockquote></div>
  </text>
  <status value="current"/>
  <type>
    <text value="DEA registration verification result"/>
  </type>
  <content>
    <attachment>
      <contentType value="application/json"/>
      <url value="https://dea.example.gov/diversion/api/verify?id=BA7654321"/>
    </attachment>
  </content>
</DocumentReference>