<?xml version="1.0" encoding="UTF-8"?>

<DocumentReference xmlns="http://hl7.org/fhir">
  <id value="docref-training-fellowship-card"/>
  <text>
    <status value="generated"/><div xmlns="http://www.w3.org/1999/xhtml"><p class="res-header-id"><b>Generated Narrative: DocumentReference docref-training-fellowship-card</b></p><a name="docref-training-fellowship-card"> </a><a name="hcdocref-training-fellowship-card"> </a><p><b>status</b>: Current</p><p><b>type</b>: <span title="Codes:">Fellowship program verification</span></p><blockquote><p><b>content</b></p><h3>Attachments</h3><table class="grid"><tr><td style="display: none">-</td><td><b>ContentType</b></td><td><b>Url</b></td></tr><tr><td style="display: none">*</td><td>application/json</td><td><a href="https://fellowships.heartinst.example.org/verify?program=141-98-76-543&amp;npi=1654321987">https://fellowships.heartinst.example.org/verify?program=141-98-76-543&amp;npi=1654321987</a></td></tr></table></blockquote></div>
  </text>
  <status value="current"/>
  <type>
    <text value="Fellowship program verification"/>
  </type>
  <content>
    <attachment>
      <contentType value="application/json"/>
      <url value="https://fellowships.heartinst.example.org/verify?program=141-98-76-543&amp;npi=1654321987"/>
    </attachment>
  </content>
</DocumentReference>