<?xml version="1.0" encoding="UTF-8"?>

<Organization xmlns="http://hl7.org/fhir">
  <id value="org-heart-institute"/>
  <text>
    <status value="generated"/><div xmlns="http://www.w3.org/1999/xhtml"><p class="res-header-id"><b>Generated Narrative: Organization org-heart-institute</b></p><a name="org-heart-institute"> </a><a name="hcorg-heart-institute"> </a><p><b>name</b>: National Heart Institute</p><p><b>endpoint</b>: <a href="Endpoint-endpoint-heartinst-fellowships.html">Endpoint: status = active; connectionType = HL7 FHIR (Endpoint Connection Type#hl7-fhir-rest); payloadType = Any; payloadMimeType = application/fhir+json; address = https://fellowships.heartinst.example.org/fhir</a></p></div>
  </text>
  <name value="National Heart Institute"/>
  <endpoint>
    <reference value="Endpoint/endpoint-heartinst-fellowships"/>
  </endpoint>
</Organization>