<?xml version="1.0" encoding="UTF-8"?>

<Practitioner xmlns="http://hl7.org/fhir">
  <id value="prac-jordan-rivera-license-only"/>
  <meta>
    <profile value="http://example.com/fhir/psv/StructureDefinition/PSVPractitioner"/>
    <profile value="http://example.org/fhir/uv/psv/StructureDefinition/PSVPractitioner"/>
  </meta>
  <text>
    <status value="extensions"/><div xmlns="http://www.w3.org/1999/xhtml"><p class="res-header-id"><b>Generated Narrative: Practitioner prac-jordan-rivera-license-only</b></p><a name="prac-jordan-rivera-license-only"> </a><a name="hcprac-jordan-rivera-license-only"> </a><div style="display: inline-block; background-color: #d9e0e7; padding: 6px; margin: 4px; border: 1px solid #8da1b4; border-radius: 5px; line-height: 60%"><p style="margin-bottom: 0px"/><p style="margin-bottom: 0px">Profiles: <a href="StructureDefinition-PSVPractitioner.html">PSV Practitioner with Qualification Slices (Common Pattern + Rules)</a>, <code>http://example.org/fhir/uv/psv/StructureDefinition/PSVPractitioner</code></p></div><p><b>identifier</b>: <a href="http://terminology.hl7.org/6.5.0/NamingSystem-npi.html" title="National Provider Identifier">United States National Provider Identifier</a>/1987654321</p><p><b>name</b>: Jordan Rivera </p><blockquote><p><b>qualification</b></p><p><b>org/fhir/uv/psv/StructureDefinition/qualification-status</b>: <span title="Codes:{http://example.org/fhir/uv/psv/CodeSystem/psv-qualification-status-cs active}">active</span></p><p><b>org/fhir/uv/psv/StructureDefinition/qualification-jurisdiction</b>: <span title="Codes:{http://hl7.org/fhir/us/core/CodeSystem/us-core-usps-state FL}">Florida</span></p><p><b>identifier</b>: <code>https://flboard.gov/license</code>/ME12345</p><p><b>code</b>: <span title="Codes:{http://example.org/fhir/uv/psv/CodeSystem/psv-qualification-type-cs license}">license</span></p><p><b>period</b>: 2023-01-01 --&gt; 2026-12-31</p><p><b>issuer</b>: <a href="Organization-org-florida-medical-board.html">Organization Florida Board of Medicine</a></p></blockquote></div>
  </text>
  <identifier>
    <system value="http://hl7.org/fhir/sid/us-npi"/>
    <value value="1987654321"/>
  </identifier>
  <name>
    <family value="Rivera"/>
    <given value="Jordan"/>
  </name>
  <qualification>
    <extension url="http://example.org/fhir/uv/psv/StructureDefinition/qualification-status">
      <valueCodeableConcept>
        <coding>
          <system value="http://example.org/fhir/uv/psv/CodeSystem/psv-qualification-status-cs"/>
          <code value="active"/>
        </coding>
      </valueCodeableConcept>
    </extension>
    <extension url="http://example.org/fhir/uv/psv/StructureDefinition/qualification-jurisdiction">
      <valueCodeableConcept>
        <coding>
          <system value="http://hl7.org/fhir/us/core/CodeSystem/us-core-usps-state"/>
          <code value="FL"/>
          <display value="Florida"/>
        </coding>
      </valueCodeableConcept>
    </extension>
    <identifier>
      <system value="https://flboard.gov/license"/>
      <value value="ME12345"/>
    </identifier>
    <code>
      <coding>
        <system value="http://example.org/fhir/uv/psv/CodeSystem/psv-qualification-type-cs"/>
        <code value="license"/>
      </coding>
    </code>
    <period>
      <start value="2023-01-01"/>
      <end value="2026-12-31"/>
    </period>
    <issuer>
      <reference value="Organization/org-florida-medical-board"/>
    </issuer>
  </qualification>
</Practitioner>