<?xml version="1.0" encoding="UTF-8"?>

<Practitioner xmlns="http://hl7.org/fhir">
  <id value="prac-education-with-vr"/>
  <meta>
    <profile value="http://example.com/fhir/psv/StructureDefinition/PSVPractitioner"/>
    <profile value="http://example.org/fhir/uv/psv/StructureDefinition/PSVPractitioner"/>
  </meta>
  <text>
    <status value="extensions"/><div xmlns="http://www.w3.org/1999/xhtml"><p class="res-header-id"><b>Generated Narrative: Practitioner prac-education-with-vr</b></p><a name="prac-education-with-vr"> </a><a name="hcprac-education-with-vr"> </a><div style="display: inline-block; background-color: #d9e0e7; padding: 6px; margin: 4px; border: 1px solid #8da1b4; border-radius: 5px; line-height: 60%"><p style="margin-bottom: 0px"/><p style="margin-bottom: 0px">Profiles: <a href="StructureDefinition-PSVPractitioner.html">PSV Practitioner with Qualification Slices (Common Pattern + Rules)</a>, <code>http://example.org/fhir/uv/psv/StructureDefinition/PSVPractitioner</code></p></div><p><b>identifier</b>: <a href="http://terminology.hl7.org/6.5.0/NamingSystem-npi.html" title="National Provider Identifier">United States National Provider Identifier</a>/1478523690</p><p><b>name</b>: Morgan Chen </p><blockquote><p><b>qualification</b></p><p><b>org/fhir/uv/psv/StructureDefinition/qualification-degree</b>: <span title="Codes:{http://example.org/fhir/uv/psv/CodeSystem/psv-degree-cs MD}">MD</span></p><p><b>org/fhir/uv/psv/StructureDefinition/qualification-status</b>: <span title="Codes:{http://example.org/fhir/uv/psv/CodeSystem/psv-qualification-status-cs active}">active</span></p><p><b>code</b>: <span title="Codes:{http://example.org/fhir/uv/psv/CodeSystem/psv-qualification-type-cs education}">education</span></p><p><b>period</b>: 2016-05-15 --&gt; (ongoing)</p><p><b>issuer</b>: <a href="Organization-org-state-university-med.html">Organization State University College of Medicine</a></p></blockquote><blockquote><p><b>qualification</b></p><p><b>org/fhir/uv/psv/StructureDefinition/qualification-degree</b>: <span title="Codes:{http://example.org/fhir/uv/psv/CodeSystem/psv-degree-cs BS}">BS</span></p><p><b>code</b>: <span title="Codes:{http://example.org/fhir/uv/psv/CodeSystem/psv-qualification-type-cs education}">education</span></p><p><b>period</b>: 2012-05-15 --&gt; (ongoing)</p><p><b>issuer</b>: <a href="Organization-org-state-university-med.html">Organization State University College of Medicine</a></p></blockquote></div>
  </text>
  <identifier>
    <system value="http://hl7.org/fhir/sid/us-npi"/>
    <value value="1478523690"/>
  </identifier>
  <name>
    <family value="Chen"/>
    <given value="Morgan"/>
  </name>
  <qualification>
    <extension url="http://example.org/fhir/uv/psv/StructureDefinition/qualification-degree">
      <valueCodeableConcept>
        <coding>
          <system value="http://example.org/fhir/uv/psv/CodeSystem/psv-degree-cs"/>
          <code value="MD"/>
        </coding>
      </valueCodeableConcept>
    </extension>
    <extension url="http://example.org/fhir/uv/psv/StructureDefinition/qualification-status">
      <valueCodeableConcept>
        <coding>
          <system value="http://example.org/fhir/uv/psv/CodeSystem/psv-qualification-status-cs"/>
          <code value="active"/>
        </coding>
      </valueCodeableConcept>
    </extension>
    <code>
      <coding>
        <system value="http://example.org/fhir/uv/psv/CodeSystem/psv-qualification-type-cs"/>
        <code value="education"/>
      </coding>
    </code>
    <period>
      <start value="2016-05-15"/>
    </period>
    <issuer>
      <reference value="Organization/org-state-university-med"/>
    </issuer>
  </qualification>
  <qualification>
    <extension url="http://example.org/fhir/uv/psv/StructureDefinition/qualification-degree">
      <valueCodeableConcept>
        <coding>
          <system value="http://example.org/fhir/uv/psv/CodeSystem/psv-degree-cs"/>
          <code value="BS"/>
        </coding>
      </valueCodeableConcept>
    </extension>
    <code>
      <coding>
        <system value="http://example.org/fhir/uv/psv/CodeSystem/psv-qualification-type-cs"/>
        <code value="education"/>
      </coding>
    </code>
    <period>
      <start value="2012-05-15"/>
    </period>
    <issuer>
      <reference value="Organization/org-state-university-med"/>
    </issuer>
  </qualification>
</Practitioner>