<?xml version="1.0" encoding="UTF-8"?>

<Provenance xmlns="http://hl7.org/fhir">
  <id value="prov-vr-alex-smith-license-2025Q1"/>
  <text>
    <status value="generated"/><div xmlns="http://www.w3.org/1999/xhtml"><p class="res-header-id"><b>Generated Narrative: Provenance prov-vr-alex-smith-license-2025Q1</b></p><a name="prov-vr-alex-smith-license-2025Q1"> </a><a name="hcprov-vr-alex-smith-license-2025Q1"> </a><p>Provenance for <a href="VerificationResult-vr-alex-smith-license-2025Q1.html">VerificationResult: targetLocation = qualification[license][0]; status = validated; statusDate = 2025-10-21 14:05:00+0000; validationType = license-primary-source</a></p><p>Summary</p><table class="grid"><tr><td>Recorded</td><td>2025-02-15 10:33:10-0500</td></tr></table><p><b>Agents</b></p><table class="grid"><tr><td><b>Type</b></td><td><b>who</b></td></tr><tr><td><span title="Codes:{http://terminology.hl7.org/CodeSystem/provenance-participant-type verifier}">Verifier</span></td><td><code>org-state-medical-board</code></td></tr></table></div>
  </text>
  <target>
    <reference value="VerificationResult/vr-alex-smith-license-2025Q1"/>
  </target>
  <recorded value="2025-02-15T10:33:10-05:00"/>
  <agent>
    <type>
      <coding>
        <system value="http://terminology.hl7.org/CodeSystem/provenance-participant-type"/>
        <code value="verifier"/>
      </coding>
    </type>
    <who>
      <reference value="org-state-medical-board"/>
    </who>
  </agent>
  <entity>
    <role value="source"/>
    <what>
      <reference value="DocumentReference/docref-board-response"/>
    </what>
  </entity>
</Provenance>