<?xml version="1.0" encoding="UTF-8"?><CodeSystem xmlns="http://hl7.org/fhir"><id value="psv-verification-type-cs"/><text><status value="generated"/><div xmlns="http://www.w3.org/1999/xhtml"><p class="res-header-id"><b>Generated Narrative: CodeSystem psv-verification-type-cs</b></p><a name="psv-verification-type-cs"> </a><a name="hcpsv-verification-type-cs"> </a><p>This  code system <code>http://example.com/fhir/psv/CodeSystem/psv-verification-type-cs</code> defines the following codes:</p><table class="codes"><tr><td style="white-space:nowrap"><b>Code</b></td><td><b>Display</b></td></tr><tr><td style="white-space:nowrap">primary-source<a name="psv-verification-type-cs-primary-source"> </a></td><td>Primary Source</td></tr><tr><td style="white-space:nowrap">attestation<a name="psv-verification-type-cs-attestation"> </a></td><td>Attestation</td></tr><tr><td style="white-space:nowrap">other<a name="psv-verification-type-cs-other"> </a></td><td>Other</td></tr></table></div></text><url value="http://example.com/fhir/psv/CodeSystem/psv-verification-type-cs"/><version value="1.0.0"/><name value="PSVVerificationTypeCS"/><title value="PSV Verification Type CodeSystem"/><status value="draft"/><date value="2025-10-24T14:50:11+00:00"/><jurisdiction><coding><system value="http://unstats.un.org/unsd/methods/m49/m49.htm"/><code value="001"/><display value="World"/></coding></jurisdiction><content value="complete"/><count value="3"/><concept><code value="primary-source"/><display value="Primary Source"/><designation><use><system value="http://terminology.hl7.org/CodeSystem/hl7TermMaintInfra"/><code value="preferredForLanguage"/></use><value value="Primary Source"/></designation></concept><concept><code value="attestation"/><display value="Attestation"/><designation><use><system value="http://terminology.hl7.org/CodeSystem/hl7TermMaintInfra"/><code value="preferredForLanguage"/></use><value value="Attestation"/></designation></concept><concept><code value="other"/><display value="Other"/><designation><use><system value="http://terminology.hl7.org/CodeSystem/hl7TermMaintInfra"/><code value="preferredForLanguage"/></use><value value="Other"/></designation></concept></CodeSystem>