<?xml version="1.0" encoding="UTF-8"?><ValueSet xmlns="http://hl7.org/fhir"><id value="psvVS-completion-status"/><text><status value="generated"/><div xmlns="http://www.w3.org/1999/xhtml"><p class="res-header-id"><b>Generated Narrative: ValueSet psvVS-completion-status</b></p><a name="psvVS-completion-status"> </a><a name="hcpsvVS-completion-status"> </a><ul><li>Include all codes defined in <a href="CodeSystem-psv-completion-status-cs.html"><code>http://example.org/fhir/uv/psv/CodeSystem/psv-completion-status-cs</code></a><span title="Version is not explicitly stated, which means it is fixed to the version provided in this specification"> version 📦1.0.0</span></li></ul></div></text><url value="http://example.org/fhir/uv/psv/ValueSet/psvVS-completion-status"/><version value="1.0.0"/><name value="PSVCompletionStatusVS"/><title value="VS — Training Completion Status"/><status value="active"/><date value="2025-10-24T14:50:11+00:00"/><description value="Allowed values for training completion status."/><jurisdiction><coding><system value="http://unstats.un.org/unsd/methods/m49/m49.htm"/><code value="001"/><display value="World"/></coding></jurisdiction><compose><include><system value="http://example.org/fhir/uv/psv/CodeSystem/psv-completion-status-cs"/></include></compose></ValueSet>