<?xml version="1.0" encoding="UTF-8"?><ValueSet xmlns="http://hl7.org/fhir"><id value="psv-action-vs"/><text><status value="generated"/><div xmlns="http://www.w3.org/1999/xhtml"><p class="res-header-id"><b>Generated Narrative: ValueSet psv-action-vs</b></p><a name="psv-action-vs"> </a><a name="hcpsv-action-vs"> </a><ul><li>Include all codes defined in <a href="CodeSystem-psv-action-cs.html"><code>http://example.com/fhir/psv/CodeSystem/psv-action-cs</code></a><span title="Version is not explicitly stated, which means it is fixed to the version provided in this specification"> version 📦1.0.0</span></li></ul></div></text><url value="http://example.com/fhir/psv/ValueSet/psv-action-vs"/><version value="1.0.0"/><name value="PSVActionVS"/><title value="PSV Action"/><status value="active"/><date value="2025-10-24T14:50:11+00:00"/><jurisdiction><coding><system value="http://unstats.un.org/unsd/methods/m49/m49.htm"/><code value="001"/><display value="World"/></coding></jurisdiction><compose><include><system value="http://example.com/fhir/psv/CodeSystem/psv-action-cs"/></include></compose></ValueSet>