{"resourceType":"CodeSystem","id":"psv-action-cs","text":{"status":"generated","div":"<div xmlns=\"http://www.w3.org/1999/xhtml\"><p class=\"res-header-id\"><b>Generated Narrative: CodeSystem psv-action-cs</b></p><a name=\"psv-action-cs\"> </a><a name=\"hcpsv-action-cs\"> </a><p>This  code system <code>http://example.com/fhir/psv/CodeSystem/psv-action-cs</code> defines the following codes:</p><table class=\"codes\"><tr><td style=\"white-space:nowrap\"><b>Code</b></td><td><b>Display</b></td></tr><tr><td style=\"white-space:nowrap\">record-only<a name=\"psv-action-cs-record-only\"> </a></td><td>Record Only</td></tr><tr><td style=\"white-space:nowrap\">manual-review<a name=\"psv-action-cs-manual-review\"> </a></td><td>Manual Review</td></tr><tr><td style=\"white-space:nowrap\">block<a name=\"psv-action-cs-block\"> </a></td><td>Block</td></tr></table></div>"},"url":"http://example.com/fhir/psv/CodeSystem/psv-action-cs","version":"1.0.0","name":"PSVActionCS","title":"PSV  Action CodeSystem","status":"draft","date":"2025-10-24T14:50:11+00:00","jurisdiction":[{"coding":[{"system":"http://unstats.un.org/unsd/methods/m49/m49.htm","code":"001","display":"World"}]}],"content":"complete","count":3,"concept":[{"code":"record-only","display":"Record Only","designation":[{"use":{"system":"http://terminology.hl7.org/CodeSystem/hl7TermMaintInfra","code":"preferredForLanguage"},"value":"Record Only"}]},{"code":"manual-review","display":"Manual Review","designation":[{"use":{"system":"http://terminology.hl7.org/CodeSystem/hl7TermMaintInfra","code":"preferredForLanguage"},"value":"Manual Review"}]},{"code":"block","display":"Block","designation":[{"use":{"system":"http://terminology.hl7.org/CodeSystem/hl7TermMaintInfra","code":"preferredForLanguage"},"value":"Block"}]}]}