{"resourceType":"CodeSystem","id":"psv-verification-type-cs","text":{"status":"generated","div":"<div xmlns=\"http://www.w3.org/1999/xhtml\"><p class=\"res-header-id\"><b>Generated Narrative: CodeSystem psv-verification-type-cs</b></p><a name=\"psv-verification-type-cs\"> </a><a name=\"hcpsv-verification-type-cs\"> </a><p>This  code system <code>http://example.com/fhir/psv/CodeSystem/psv-verification-type-cs</code> defines the following codes:</p><table class=\"codes\"><tr><td style=\"white-space:nowrap\"><b>Code</b></td><td><b>Display</b></td></tr><tr><td style=\"white-space:nowrap\">primary-source<a name=\"psv-verification-type-cs-primary-source\"> </a></td><td>Primary Source</td></tr><tr><td style=\"white-space:nowrap\">attestation<a name=\"psv-verification-type-cs-attestation\"> </a></td><td>Attestation</td></tr><tr><td style=\"white-space:nowrap\">other<a name=\"psv-verification-type-cs-other\"> </a></td><td>Other</td></tr></table></div>"},"url":"http://example.com/fhir/psv/CodeSystem/psv-verification-type-cs","version":"1.0.0","name":"PSVVerificationTypeCS","title":"PSV Verification Type CodeSystem","status":"draft","date":"2025-10-24T14:50:11+00:00","jurisdiction":[{"coding":[{"system":"http://unstats.un.org/unsd/methods/m49/m49.htm","code":"001","display":"World"}]}],"content":"complete","count":3,"concept":[{"code":"primary-source","display":"Primary Source","designation":[{"use":{"system":"http://terminology.hl7.org/CodeSystem/hl7TermMaintInfra","code":"preferredForLanguage"},"value":"Primary Source"}]},{"code":"attestation","display":"Attestation","designation":[{"use":{"system":"http://terminology.hl7.org/CodeSystem/hl7TermMaintInfra","code":"preferredForLanguage"},"value":"Attestation"}]},{"code":"other","display":"Other","designation":[{"use":{"system":"http://terminology.hl7.org/CodeSystem/hl7TermMaintInfra","code":"preferredForLanguage"},"value":"Other"}]}]}