{"resourceType":"ValueSet","id":"psvVS-board-specialty","text":{"status":"generated","div":"<div xmlns=\"http://www.w3.org/1999/xhtml\"><p class=\"res-header-id\"><b>Generated Narrative: ValueSet psvVS-board-specialty</b></p><a name=\"psvVS-board-specialty\"> </a><a name=\"hcpsvVS-board-specialty\"> </a><ul><li>Include all codes defined in <a href=\"CodeSystem-psv-board-specialty-cs.html\"><code>http://example.org/fhir/uv/psv/CodeSystem/psv-board-specialty-cs</code></a><span title=\"Version is not explicitly stated, which means it is fixed to the version provided in this specification\"> version &#x1F4E6;1.0.0</span></li></ul></div>"},"url":"http://example.org/fhir/uv/psv/ValueSet/psvVS-board-specialty","version":"1.0.0","name":"PSVBoardSpecialtyVS","title":"VS — Board/Training Specialty","status":"active","date":"2025-10-24T14:50:11+00:00","description":"Allowed specialties used for training/board examples.","jurisdiction":[{"coding":[{"system":"http://unstats.un.org/unsd/methods/m49/m49.htm","code":"001","display":"World"}]}],"compose":{"include":[{"system":"http://example.org/fhir/uv/psv/CodeSystem/psv-board-specialty-cs"}]}}