{
  "resourceType" : "DocumentReference",
  "id" : "docref-education-md",
  "text" : {
    "status" : "generated",
    "div" : "<div xmlns=\"http://www.w3.org/1999/xhtml\"><p class=\"res-header-id\"><b>Generated Narrative: DocumentReference docref-education-md</b></p><a name=\"docref-education-md\"> </a><a name=\"hcdocref-education-md\"> </a><p><b>status</b>: Current</p><p><b>type</b>: <span title=\"Codes:\">Degree verification (MD)</span></p><blockquote><p><b>content</b></p><h3>Attachments</h3><table class=\"grid\"><tr><td style=\"display: none\">-</td><td><b>ContentType</b></td><td><b>Url</b></td></tr><tr><td style=\"display: none\">*</td><td>application/pdf</td><td><a href=\"https://registrar.stateu.example.edu/verify?degree=MD&amp;student=1478523690\">https://registrar.stateu.example.edu/verify?degree=MD&amp;student=1478523690</a></td></tr></table></blockquote></div>"
  },
  "status" : "current",
  "type" : {
    "text" : "Degree verification (MD)"
  },
  "content" : [{
    "attachment" : {
      "contentType" : "application/pdf",
      "url" : "https://registrar.stateu.example.edu/verify?degree=MD&student=1478523690"
    }
  }]
}