{
  "resourceType" : "DocumentReference",
  "id" : "docref-training-residency-im",
  "text" : {
    "status" : "generated",
    "div" : "<div xmlns=\"http://www.w3.org/1999/xhtml\"><p class=\"res-header-id\"><b>Generated Narrative: DocumentReference docref-training-residency-im</b></p><a name=\"docref-training-residency-im\"> </a><a name=\"hcdocref-training-residency-im\"> </a><p><b>status</b>: Current</p><p><b>type</b>: <span title=\"Codes:\">Residency program verification</span></p><blockquote><p><b>content</b></p><h3>Attachments</h3><table class=\"grid\"><tr><td style=\"display: none\">-</td><td><b>ContentType</b></td><td><b>Url</b></td></tr><tr><td style=\"display: none\">*</td><td>application/pdf</td><td><a href=\"https://gme.citymed.example.org/verify?program=140-12-34-567&amp;npi=1654321987\">https://gme.citymed.example.org/verify?program=140-12-34-567&amp;npi=1654321987</a></td></tr></table></blockquote></div>"
  },
  "status" : "current",
  "type" : {
    "text" : "Residency program verification"
  },
  "content" : [{
    "attachment" : {
      "contentType" : "application/pdf",
      "url" : "https://gme.citymed.example.org/verify?program=140-12-34-567&npi=1654321987"
    }
  }]
}