{
  "resourceType" : "Endpoint",
  "id" : "endpoint-heartinst-fellowships",
  "text" : {
    "status" : "generated",
    "div" : "<div xmlns=\"http://www.w3.org/1999/xhtml\"><p class=\"res-header-id\"><b>Generated Narrative: Endpoint endpoint-heartinst-fellowships</b></p><a name=\"endpoint-heartinst-fellowships\"> </a><a name=\"hcendpoint-heartinst-fellowships\"> </a><p><b>status</b>: Active</p><p><b>connectionType</b>: <a href=\"http://terminology.hl7.org/6.5.0/CodeSystem-endpoint-connection-type.html#endpoint-connection-type-hl7-fhir-rest\">Endpoint Connection Type hl7-fhir-rest</a>: HL7 FHIR</p><p><b>payloadType</b>: <span title=\"Codes:{http://terminology.hl7.org/CodeSystem/endpoint-payload-type any}\">FHIR Practitioner &amp; VerificationResult</span></p><p><b>payloadMimeType</b>: application/fhir+json</p><p><b>address</b>: <a href=\"https://fellowships.heartinst.example.org/fhir\">https://fellowships.heartinst.example.org/fhir</a></p></div>"
  },
  "status" : "active",
  "connectionType" : {
    "system" : "http://terminology.hl7.org/CodeSystem/endpoint-connection-type",
    "code" : "hl7-fhir-rest"
  },
  "payloadType" : [{
    "coding" : [{
      "system" : "http://terminology.hl7.org/CodeSystem/endpoint-payload-type",
      "code" : "any"
    }],
    "text" : "FHIR Practitioner & VerificationResult"
  }],
  "payloadMimeType" : ["application/fhir+json"],
  "address" : "https://fellowships.heartinst.example.org/fhir"
}