{
  "resourceType" : "Organization",
  "id" : "org-florida-medical-board",
  "text" : {
    "status" : "generated",
    "div" : "<div xmlns=\"http://www.w3.org/1999/xhtml\"><p class=\"res-header-id\"><b>Generated Narrative: Organization org-florida-medical-board</b></p><a name=\"org-florida-medical-board\"> </a><a name=\"hcorg-florida-medical-board\"> </a><p><b>name</b>: Florida Board of Medicine</p><p><b>endpoint</b>: <a href=\"Endpoint-endpoint-florida-board-verify.html\">Endpoint: status = active; connectionType = HL7 FHIR (Endpoint Connection Type#hl7-fhir-rest); payloadType = Any; payloadMimeType = application/fhir+json; address = https://api.florida.board.org/verify/fhir</a></p></div>"
  },
  "name" : "Florida Board of Medicine",
  "endpoint" : [{
    "reference" : "Endpoint/endpoint-florida-board-verify"
  }]
}