{
  "resourceType" : "VerificationResult",
  "id" : "vr-prac-boards-abem",
  "text" : {
    "status" : "generated",
    "div" : "<div xmlns=\"http://www.w3.org/1999/xhtml\"><p class=\"res-header-id\"><b>Generated Narrative: VerificationResult vr-prac-boards-abem</b></p><a name=\"vr-prac-boards-abem\"> </a><a name=\"hcvr-prac-boards-abem\"> </a><p><b>target</b>: <a href=\"Practitioner-prac-boards-with-vr.html\">Practitioner Alex Nguyen </a></p><p><b>targetLocation</b>: qualification[board][1]</p><p><b>status</b>: Validated</p><p><b>statusDate</b>: 2025-10-21 14:10:00+0000</p><p><b>validationType</b>: <span title=\"Codes:{http://example.org/fhir/uv/psv/CodeSystem/psv-verification-type-cs board-primary-source}\">board-primary-source</span></p><h3>PrimarySources</h3><table class=\"grid\"><tr><td style=\"display: none\">-</td><td><b>Who</b></td><td><b>CommunicationMethod</b></td><td><b>ValidationStatus</b></td><td><b>ValidationDate</b></td></tr><tr><td style=\"display: none\">*</td><td><a href=\"Organization-org-abem.html\">Organization American Board of Emergency Medicine (ABEM)</a></td><td><span title=\"Codes:\">Online portal lookup</span></td><td><span title=\"Codes:{http://terminology.hl7.org/CodeSystem/verificationresult-status successful}\">successful</span></td><td>2025-10-21</td></tr></table></div>"
  },
  "target" : [{
    "reference" : "Practitioner/prac-boards-with-vr"
  }],
  "targetLocation" : ["qualification[board][1]"],
  "status" : "validated",
  "statusDate" : "2025-10-21T14:10:00Z",
  "validationType" : {
    "coding" : [{
      "system" : "http://example.org/fhir/uv/psv/CodeSystem/psv-verification-type-cs",
      "code" : "board-primary-source"
    }]
  },
  "primarySource" : [{
    "who" : {
      "reference" : "Organization/org-abem"
    },
    "communicationMethod" : [{
      "text" : "Online portal lookup"
    }],
    "validationStatus" : {
      "coding" : [{
        "system" : "http://terminology.hl7.org/CodeSystem/verificationresult-status",
        "code" : "successful"
      }]
    },
    "validationDate" : "2025-10-21"
  }]
}