{
  "resourceType" : "VerificationResult",
  "id" : "vr-csr-ga-2219",
  "text" : {
    "status" : "generated",
    "div" : "<div xmlns=\"http://www.w3.org/1999/xhtml\"><p class=\"res-header-id\"><b>Generated Narrative: VerificationResult vr-csr-ga-2219</b></p><a name=\"vr-csr-ga-2219\"> </a><a name=\"hcvr-csr-ga-2219\"> </a><p><b>target</b>: <a href=\"Practitioner-prac-state-csr-with-vr.html\">Practitioner Mariana Lopez </a></p><p><b>targetLocation</b>: qualification[state-csr][1]</p><p><b>status</b>: Validated</p><p><b>statusDate</b>: 2025-10-21 14:08:00+0000</p><p><b>validationType</b>: <span title=\"Codes:{http://example.org/fhir/uv/psv/CodeSystem/psv-verification-type-cs state-csr-primary-source}\">state-csr-primary-source</span></p><h3>PrimarySources</h3><table class=\"grid\"><tr><td style=\"display: none\">-</td><td><b>Who</b></td><td><b>CommunicationMethod</b></td><td><b>ValidationStatus</b></td><td><b>ValidationDate</b></td></tr><tr><td style=\"display: none\">*</td><td><a href=\"Organization-org-florida-csr-authority.html\">Organization Florida Department of Health — Controlled Substance Registration</a></td><td><span title=\"Codes:\">API lookup</span></td><td><span title=\"Codes:{http://terminology.hl7.org/CodeSystem/verificationresult-status successful}\">successful</span></td><td>2025-10-21</td></tr></table></div>"
  },
  "target" : [{
    "reference" : "Practitioner/prac-state-csr-with-vr"
  }],
  "targetLocation" : ["qualification[state-csr][1]"],
  "status" : "validated",
  "statusDate" : "2025-10-21T14:08:00Z",
  "validationType" : {
    "coding" : [{
      "system" : "http://example.org/fhir/uv/psv/CodeSystem/psv-verification-type-cs",
      "code" : "state-csr-primary-source"
    }]
  },
  "primarySource" : [{
    "who" : {
      "reference" : "Organization/org-florida-csr-authority"
    },
    "communicationMethod" : [{
      "text" : "API lookup"
    }],
    "validationStatus" : {
      "coding" : [{
        "system" : "http://terminology.hl7.org/CodeSystem/verificationresult-status",
        "code" : "successful"
      }]
    },
    "validationDate" : "2025-10-21"
  }]
}